epoch,time,train/box_loss,train/cls_loss,train/l1_loss,metrics/precision(B),metrics/recall(B),metrics/mAP50(B),metrics/mAP50-95(B),val/box_loss,val/cls_loss,val/l1_loss,lr/pg0,lr/pg1,lr/pg2
1,386.648,1.51949,6.71041,0.02353,0.46347,0.11803,0.17347,0.05594,1.74417,10.3539,0.03765,0.00066,0.00066,0.00066
2,771.184,1.67507,4.63782,0.02715,0.24127,0.27733,0.17645,0.0525,1.93239,5.60118,0.04437,0.00131353,0.00131353,0.00131353
3,1154.66,1.83435,3.4199,0.02978,0.33568,0.33115,0.25145,0.07501,2.07131,3.52784,0.04602,0.00195387,0.00195387,0.00195387
4,1537.12,1.93816,2.92527,0.03211,0.24588,0.2623,0.17131,0.04661,2.2206,3.35205,0.05109,0.0019406,0.0019406,0.0019406
5,1922.11,1.91706,2.74609,0.03194,0.29393,0.31148,0.22274,0.06704,2.18747,3.04639,0.04935,0.0019208,0.0019208,0.0019208
6,2308.14,1.90825,2.7047,0.03152,0.35707,0.32459,0.26942,0.08341,2.14299,2.91809,0.04891,0.001901,0.001901,0.001901
7,2701.46,1.90993,2.56434,0.03262,0.36439,0.43279,0.3228,0.09521,2.26983,2.48063,0.05251,0.0018812,0.0018812,0.0018812
8,3088.77,1.90559,2.56504,0.03181,0.35374,0.29508,0.25792,0.08239,2.19201,2.80996,0.05222,0.0018614,0.0018614,0.0018614
9,3492.1,1.87466,2.44715,0.03042,0.34898,0.39344,0.29061,0.10233,2.07893,2.36377,0.04526,0.0018416,0.0018416,0.0018416
10,3881.11,1.91508,2.38745,0.03186,0.42096,0.43858,0.39253,0.13341,2.11441,2.19712,0.0472,0.0018218,0.0018218,0.0018218
11,4267.44,1.91506,2.33512,0.03204,0.45864,0.3541,0.33895,0.11232,2.22198,2.312,0.05102,0.001802,0.001802,0.001802
12,4670.62,1.92348,2.32342,0.03155,0.44777,0.47213,0.39873,0.12677,2.18943,2.04917,0.04878,0.0017822,0.0017822,0.0017822
13,5085.25,1.87537,2.2289,0.03075,0.47142,0.45902,0.4314,0.1497,2.11332,2.02089,0.04768,0.0017624,0.0017624,0.0017624
14,5488.53,1.90639,2.17536,0.03202,0.45347,0.46557,0.43655,0.15027,2.1234,2.08103,0.0476,0.0017426,0.0017426,0.0017426
15,5872.43,1.88701,2.21446,0.03109,0.42801,0.44262,0.40785,0.14042,2.131,2.06293,0.04777,0.0017228,0.0017228,0.0017228
16,6280.64,1.87685,2.17446,0.0312,0.46849,0.47107,0.43482,0.14734,2.10978,2.09206,0.04592,0.001703,0.001703,0.001703
17,6664.98,1.84821,2.19706,0.03066,0.46549,0.41967,0.41119,0.14207,2.08502,2.17777,0.04591,0.0016832,0.0016832,0.0016832
18,7046.55,1.84161,2.17455,0.03104,0.52051,0.49829,0.43336,0.15192,2.12693,2.07929,0.0474,0.0016634,0.0016634,0.0016634
19,7428.01,1.84725,2.14576,0.03092,0.42458,0.50805,0.39693,0.13097,2.11816,2.08403,0.04613,0.0016436,0.0016436,0.0016436
20,7810.2,1.86202,2.12965,0.03069,0.51703,0.47541,0.45157,0.15889,2.13755,2.07455,0.04797,0.0016238,0.0016238,0.0016238
21,8196.78,1.80602,2.12167,0.02968,0.47342,0.53115,0.4543,0.15459,2.14765,1.98908,0.04812,0.001604,0.001604,0.001604
22,8581.53,1.79929,2.10876,0.02942,0.44369,0.45246,0.43102,0.14313,2.08199,2.00659,0.04574,0.0015842,0.0015842,0.0015842
23,8964.37,1.77344,2.10581,0.02904,0.43509,0.39899,0.38278,0.14123,2.0053,2.07689,0.04436,0.0015644,0.0015644,0.0015644
24,9348.45,1.78169,2.0747,0.02889,0.46926,0.49508,0.47878,0.16695,2.11991,1.91075,0.04839,0.0015446,0.0015446,0.0015446
25,9729.56,1.78711,2.03403,0.02953,0.50726,0.5198,0.46483,0.16361,2.08405,1.83947,0.04699,0.0015248,0.0015248,0.0015248
26,10116.3,1.78822,2.08173,0.02965,0.56592,0.46885,0.49377,0.18023,2.06574,1.88455,0.04613,0.001505,0.001505,0.001505
27,10498,1.76113,2.05156,0.02913,0.49006,0.51475,0.45082,0.16509,2.01792,1.93475,0.04432,0.0014852,0.0014852,0.0014852
28,10879.5,1.77262,1.98011,0.02897,0.50567,0.51803,0.47437,0.1649,2.14945,1.83411,0.04849,0.0014654,0.0014654,0.0014654
29,11261,1.7446,2.02904,0.02861,0.47166,0.49836,0.418,0.14941,2.06203,1.98307,0.04638,0.0014456,0.0014456,0.0014456
30,11642.3,1.78343,1.95336,0.02899,0.41463,0.43279,0.39457,0.1365,2.01453,2.03787,0.04459,0.0014258,0.0014258,0.0014258
31,12023.4,1.76287,1.96337,0.02841,0.44311,0.57393,0.49292,0.16911,2.11168,1.82582,0.04691,0.001406,0.001406,0.001406
32,12404.9,1.7624,1.93965,0.02887,0.5955,0.48197,0.49911,0.17098,2.19717,1.80424,0.05058,0.0013862,0.0013862,0.0013862
33,12786,1.72687,2.04741,0.02759,0.5351,0.49508,0.49114,0.17837,2.09093,1.82954,0.04677,0.0013664,0.0013664,0.0013664
34,13166.7,1.75199,1.95875,0.02803,0.57521,0.50492,0.51822,0.18589,2.07317,1.75063,0.04685,0.0013466,0.0013466,0.0013466
35,13547.6,1.76131,1.9789,0.0278,0.5553,0.49508,0.52098,0.18355,2.14734,1.77913,0.04797,0.0013268,0.0013268,0.0013268
36,13929.2,1.73834,1.95433,0.02835,0.47689,0.6,0.51405,0.1828,2.11064,1.72797,0.04671,0.001307,0.001307,0.001307
37,14310.9,1.74888,1.97055,0.02753,0.50537,0.51923,0.50285,0.18167,2.02778,1.77077,0.04441,0.0012872,0.0012872,0.0012872
38,14692.5,1.74538,1.96234,0.02815,0.56422,0.55082,0.50972,0.18425,2.08214,1.76341,0.04709,0.0012674,0.0012674,0.0012674
39,15073.6,1.73416,1.92061,0.02809,0.58083,0.56393,0.55412,0.21206,1.98461,1.74067,0.04401,0.0012476,0.0012476,0.0012476
40,15454,1.70977,1.92277,0.02737,0.57815,0.53474,0.57858,0.21444,2.01665,1.70445,0.0447,0.0012278,0.0012278,0.0012278
41,15835,1.68441,1.90034,0.02704,0.56359,0.53351,0.56229,0.19836,2.14048,1.65774,0.04781,0.001208,0.001208,0.001208
42,16215.5,1.72502,1.82541,0.02804,0.5584,0.56721,0.54375,0.19246,2.05396,1.6847,0.04512,0.0011882,0.0011882,0.0011882
43,16596.2,1.69322,1.89225,0.02767,0.49675,0.50487,0.46446,0.17158,2.11991,1.85886,0.04713,0.0011684,0.0011684,0.0011684
44,16977.1,1.69428,1.90947,0.02724,0.60061,0.48852,0.57189,0.21779,2.00901,1.65148,0.04406,0.0011486,0.0011486,0.0011486
45,17365.4,1.67652,1.81942,0.02694,0.4857,0.49836,0.485,0.18936,2.00423,1.7425,0.04489,0.0011288,0.0011288,0.0011288
46,17746.4,1.66137,1.80167,0.02665,0.52813,0.5377,0.5334,0.2015,2.01709,1.63429,0.04467,0.001109,0.001109,0.001109
47,18124.3,1.70129,1.80276,0.02756,0.54314,0.53115,0.55594,0.18898,2.0826,1.74973,0.04568,0.0010892,0.0010892,0.0010892
48,18505.1,1.66742,1.85099,0.0263,0.54477,0.57377,0.5472,0.20055,2.07556,1.65657,0.046,0.0010694,0.0010694,0.0010694
49,18886.2,1.67386,1.83831,0.02625,0.60744,0.51803,0.54139,0.19892,2.04262,1.68627,0.04544,0.0010496,0.0010496,0.0010496
50,19266.9,1.66623,1.80713,0.02688,0.49671,0.55657,0.48085,0.18685,2.02264,1.79747,0.04525,0.0010298,0.0010298,0.0010298
51,19647.4,1.67866,1.76722,0.02662,0.58619,0.51803,0.54408,0.199,2.04866,1.64632,0.04619,0.00101,0.00101,0.00101
52,20027.9,1.68372,1.73793,0.02687,0.53162,0.52098,0.50117,0.18067,2.01089,1.75303,0.04403,0.0009902,0.0009902,0.0009902
53,20409.1,1.71364,1.76644,0.02717,0.58335,0.55546,0.52085,0.19186,2.04936,1.66422,0.04545,0.0009704,0.0009704,0.0009704
54,20789.9,1.66543,1.77616,0.02607,0.61685,0.56393,0.59522,0.2174,2.01295,1.67561,0.04457,0.0009506,0.0009506,0.0009506
55,21170.8,1.68249,1.73401,0.0265,0.53397,0.60328,0.57739,0.21168,1.98864,1.67128,0.04325,0.0009308,0.0009308,0.0009308
56,21551.4,1.61988,1.71665,0.02561,0.59886,0.57049,0.5718,0.20648,1.99049,1.69453,0.04343,0.000911,0.000911,0.000911
57,21934.3,1.66629,1.75979,0.02652,0.57197,0.53452,0.51644,0.20234,2.01084,1.67662,0.04441,0.0008912,0.0008912,0.0008912
58,22315.2,1.64042,1.73603,0.0263,0.55477,0.57377,0.54797,0.20635,2.0044,1.61781,0.0435,0.0008714,0.0008714,0.0008714
59,22695.8,1.60628,1.703,0.02529,0.57665,0.58689,0.5718,0.21173,2.02669,1.60604,0.04489,0.0008516,0.0008516,0.0008516
60,23077.7,1.6113,1.70503,0.0256,0.57538,0.53757,0.5306,0.19947,1.97855,1.74028,0.04294,0.0008318,0.0008318,0.0008318
61,23460.8,1.62031,1.75608,0.02619,0.52921,0.54098,0.54971,0.20341,2.01861,1.69291,0.04378,0.000812,0.000812,0.000812
62,23842.3,1.6176,1.74087,0.02566,0.54395,0.58361,0.55886,0.20319,2.00068,1.69901,0.04378,0.0007922,0.0007922,0.0007922
63,24223.1,1.61936,1.735,0.02561,0.63008,0.53612,0.5818,0.21215,2.08153,1.55658,0.04619,0.0007724,0.0007724,0.0007724
64,24604.3,1.6122,1.65621,0.02511,0.6342,0.49836,0.57243,0.22234,2.00106,1.61325,0.04377,0.0007526,0.0007526,0.0007526
65,24984.9,1.59123,1.66543,0.02475,0.64426,0.55816,0.57277,0.22862,2.02109,1.50776,0.04489,0.0007328,0.0007328,0.0007328
66,25366.2,1.58767,1.66689,0.02454,0.55334,0.59672,0.57012,0.215,1.99539,1.61177,0.04325,0.000713,0.000713,0.000713
67,25747.2,1.63905,1.68922,0.02583,0.54303,0.6,0.57641,0.21463,1.99833,1.62114,0.04354,0.0006932,0.0006932,0.0006932
68,26128.3,1.60671,1.67356,0.02484,0.59298,0.53443,0.55303,0.20939,2.05617,1.57845,0.04458,0.0006734,0.0006734,0.0006734
69,26508.6,1.59675,1.67383,0.0251,0.5435,0.58944,0.56365,0.20721,2.0225,1.54639,0.04366,0.0006536,0.0006536,0.0006536
70,26889.1,1.56619,1.65542,0.02473,0.61014,0.54754,0.5763,0.21969,1.96791,1.60843,0.04289,0.0006338,0.0006338,0.0006338
71,27269.3,1.59115,1.57023,0.0255,0.62166,0.55082,0.56849,0.21563,2.00629,1.6013,0.04464,0.000614,0.000614,0.000614
72,27649.7,1.6127,1.63278,0.02547,0.61419,0.58459,0.57772,0.21185,1.98368,1.63803,0.04314,0.0005942,0.0005942,0.0005942
73,28030.6,1.57812,1.64407,0.02455,0.55899,0.5541,0.55967,0.21507,1.92017,1.732,0.04105,0.0005744,0.0005744,0.0005744
74,28411.8,1.5743,1.59044,0.0248,0.51969,0.61967,0.54783,0.2045,2.07536,1.6179,0.04545,0.0005546,0.0005546,0.0005546
75,28793,1.58721,1.57006,0.02465,0.5756,0.57377,0.56518,0.20824,2.02638,1.59148,0.04376,0.0005348,0.0005348,0.0005348
76,29173,1.5648,1.6396,0.02441,0.54634,0.58833,0.55312,0.20289,2.00963,1.65957,0.04376,0.000515,0.000515,0.000515
77,29553.2,1.5353,1.5695,0.02405,0.59113,0.59016,0.57505,0.21136,2.01486,1.57669,0.04338,0.0004952,0.0004952,0.0004952
78,29933.1,1.5697,1.5507,0.02494,0.59785,0.5541,0.56445,0.21917,2.00937,1.58163,0.04314,0.0004754,0.0004754,0.0004754
79,30314.3,1.5318,1.58968,0.02435,0.5942,0.56066,0.59283,0.22528,2.0293,1.59277,0.04448,0.0004556,0.0004556,0.0004556
80,30694.9,1.55044,1.56124,0.0245,0.60509,0.58689,0.58356,0.22047,2.01805,1.57963,0.04439,0.0004358,0.0004358,0.0004358
81,31075.1,1.54135,1.53825,0.02414,0.62835,0.56721,0.57775,0.21476,2.05958,1.55341,0.04484,0.000416,0.000416,0.000416
82,31455.7,1.55596,1.54824,0.0245,0.59139,0.59344,0.58501,0.21414,2.01066,1.58581,0.04425,0.0003962,0.0003962,0.0003962
83,31836.2,1.55814,1.51432,0.02433,0.60668,0.6,0.58294,0.22374,2.01986,1.5518,0.04419,0.0003764,0.0003764,0.0003764
84,32216.3,1.52882,1.48183,0.02354,0.65394,0.5638,0.56983,0.22081,1.96906,1.60762,0.04259,0.0003566,0.0003566,0.0003566
85,32596.9,1.52043,1.5355,0.02424,0.6178,0.5541,0.57324,0.21614,1.98337,1.60863,0.04325,0.0003368,0.0003368,0.0003368
